<?xml version="1.0" encoding="utf-8"?>
<extension type="component" version="3.2.0" method="upgrade">

	<name>StyleGuide</name>
	<creationDate>March 2015</creationDate>
	<author>Daniel H Pavey</author>
	<authorEmail>dan@eastdevon.it</authorEmail>
	<authorUrl>http://www.eastdevon.it</authorUrl>
	<copyright>Copyright Info</copyright>
	<license>License Info</license>
	<version>0.0.1</version>
	<description>Style Guide Component for Joomla!</description>

	<install>
		<sql>
			<file driver="mysql" charset="utf8">sql/install.mysql.utf8.sql</file>
		</sql>
	</install>
	<uninstall>
		<sql>
			<file driver="mysql" charset="utf8">sql/uninstall.mysql.utf8.sql</file>
		</sql>
	</uninstall>
    <update> <!-- Runs on update; New in 2.5 -->
        <schemas>
            <schemapath type="mysql">sql/updates/mysql</schemapath>
        </schemas>
    </update>

	<files folder="site">
		<filename>index.html</filename>
		<filename>styleguide.php</filename>
		<filename>controller.php</filename>
		<folder>views</folder>
		<folder>models</folder>
		<folder>language</folder>
	</files>

	<administration>
		<menu>COM_STYLEGUIDE</menu>
		<files folder="admin">
			<filename>index.html</filename>
			<filename>styleguide.php</filename>
			<filename>controller.php</filename>
			<folder>sql</folder>
			<folder>models</folder>
			<folder>views</folder>
			<folder>language</folder>
			<folder>controllers</folder>
		</files>
	</administration>

</extension>
